SKU;Nazov;Pocet_ks;Dealer
C8223;Ldwg Timp Headd Ec Wht 23";1;67.29
C8226;Ldwg Timp Headd Ec Wht 26";1;70.84
C9228;Ldwg Timp Head Rc Wht 28";1;53.32
C9232;Ldwg Timp Head Rc Wht 32";1;64.32
E0117;Caster 4" Total Lock Sys M48;1;70.84
E0128;Caster 3" W/brake & Top Plate;1;46.05
E0129;Caster 3" W/ Top Plate;1;37.54
E0140;Caster-adj Ht Leg-plain;1;17.0
E0141;Caster-adj Ht W/-brake;1;19.83
E0305T;Insulator (10);1;4.96
E0312T;Insulator - 10 Pack;1;4.24
E0407;Vibe Motor Belt 1/8 X 5-3/4;1;7.07
E0510;Vibe Motor Transformer;1;193.38
E0512;Transformer Plug Adaptor;1;17.71
E0590T;Rubber Bushing (10);1;4.96
E0901T;Hook Post (10);1;24.79
E0904T;Off Center Hole Post (10);1;15.13
E0910;Hook Post M32,m58-new;1;2.54
E0912;End Post - Vibes Alum/mark;1;4.24
E1378;Musser Decal (large);1;5.66
E1462CN5;M635b Cn5 Tube 442 Tun;1;188.42
E1462DS5;M635b Ds5 Tube 442 Tun;1;188.42
E1462FN6;M635b Fn6 Tube 442 Tun;1;188.42
E2590;Wing Nut 1/4-20 X 1-1/2 Chr;1;2.13
E3042CN7;M2041 Cn7 Bar 442 Tun;1;43.91
E3042FN6;M2041 Fn6 Bar 442 Tun;1;43.91
E3157;Nylon Bushing Nyliners;1;3.55
E32031;Damper Bar Adj Nut Blk Oxd;1;19.13
E3279;Damper Felt 51" Long;1;39.67
E33281;Pulley,pulsator Shaft W/screws;1;13.45
E3463FG;M55 Repl Pul Shaft Assy Plain;1;172.83
E3464FG;M55 Repl Pul Shaft Assy Shar;1;162.21
E3465;M55 Res & Puls Assy Plain Slvr;1;1738.24
E3476;Le Damper Arm Assembly;1;21.96
E36191;Vibe Motor W/conn Assembly;1;333.62
E3630;Knob,motor Speed Control;1;13.45
E3631;Motor Pulley;1;7.07
E3632;Sm. Potentiometer For Ctrl Bx;1;17.0
E3698;M55 Mtr & Cntrl Box Assy 250v;1;874.78
E37761CS4;M48s/m55 Cs4 Bar 442 Tun;1;141.67
E37761DS5;M48s/m55 Ds5 Bar 442 Tun;1;141.67
E37761FS3;M48s/m55 Fs3 Bar 442 Tun;1;141.67
E37761GS3;M48s/m55 Gs3 Bar 442 Tun;1;141.67
E37762CN4;M48/m55g/m75 Cn4 Bar 442 Tun;1;144.5
E37762DS5;M48/m55g/m75 D#5 Bar 442 Tun;1;144.5
E37762FUL;M48/m55g/m75 Vibe Bars-gold;1;5358.55
E37762FULW3;M48/m55g/m75  Bars 443 Tun;1;5358.55
E3952;Damper Spring Bracket;1;23.38
E4061;Resonator Plate;1;7.79
E4065;Resonator Rubber;1;11.34
E4101AN6;M50 An6 Bar 442 Tun;1;145.92
E4101AS5;M50 A#5 Bar 442 Tun;1;145.92
E4101AS6;M50 A#6 Bar 442 Tun;1;145.92
E4101AS7;M50 A#7 Bar 442 Tun;1;145.92
E4101BN5;M50 Bn5 Bar 442 Tun;1;145.92
E4101BN6;M50 Bn6 Bar 442 Tun;1;145.92
E4101CN6;M50 Cn6 Bar 442 Tun;1;145.92
E4101CS6;M50 C#6 Bar 442 Tun;1;145.92
E4101CS7;M50 C#7 Bar 442 Tun;1;132.47
E4101DN6;M50 Dn6 Bar 442 Tun;1;145.92
E4101DN7;M50 Dn7 Bar 442 Tun;1;145.92
E4101DS6;M50 D#6 Bar 442 Tun;1;145.92
E4101DS7;M50 D#7 Bar 442 Tun;1;145.92
E4101EN6;M50 En6 Bar 442 Tun;1;145.92
E4101EN7;M50 En7 Bar 442 Tun;1;145.92
E4101FN6;M50 Fn6 Bar 442 Tun;1;145.92
E4101FS6;M50 F#6 Bar 442 Tun;1;145.92
E4101GN6;M50 Gn6 Bar 442 Tun;1;145.92
E4101GS6;M50 G#6 Bar 442 Tun;1;145.92
E4135AS4;M250 A#4 Bar 442 Tun;1;211.79
E4135AS5;M250 A#5 Bar 442 Tun;1;211.79
E4135AS6;M250 A#6 Bar 442 Tun;1;211.79
E4135CS4;M250 C#4 Bar 442 Tun;1;211.79
E4135CS5;M250 C#5 Bar 442 Tun;1;211.79
E4135CS6;M250 C#6 Bar 442 Tun;1;211.79
E4135DS3;M250 D#3 Bar 442 Tun;1;211.79
E4135DS4;M250 D#4 Bar 442 Tun;1;211.79
E4135DS5;M250 D#5 Bar 442 Tun;1;211.79
E4135DS6;M250 D#6 Bar 442 Tun;1;211.79
E4135FS6;M250 F#6 Bar 442 Tun;1;211.79
E4135GS6;M250 G#6 Bar 442 Tun;1;211.79
E4385T;M2041/2044 Scr & Bush Assy(10);1;10.62
E4441V;Green Bar Cord, Pk Of (2);1;27.62
E4444;Bar Cord Lnth #1 M46,51,55,;1;6.38
E4447V;White Bar Cord #7 Lg (2 Pk);1;18.41
E50370030;M51 Frame W/hdw No Bars/reson.;1;1091.75
E6160;Insert, Adjustable Leg Black;1;26.21
E6161;Knob, Plastic 5/16-18 Male Blk;1;3.55
E6615CN2;M500 Cn2 Bar 442 Tun;1;221.0
E6640V;M500 Repl Bar Cord(pk Of 2);1;87.12
E6806;M240/m245 Resonator Assy Sh;1;2032.21
E7295FN6;M665b Fn6 Tube 442 Tun;1;281.21
E7296FN6;M661c Fn6 Tube 442 Tun;1;301.04
E73181;Lock Pin Knob;1;7.07
E9450;M48 Damper Bar F/assy Pdr Ct;1;329.37
E9487;Plastic Knob 1/4-20 Male;1;8.5
E94963;Vibe Pedal Assy S.p. Shrt Stem;1;214.62
E955140;Pedal Bracket Weldment;1;32.4
E955140FG;Part;1;53.84
E9784;Knob, Plastic 5/16-18 Thru Blk;1;2.83
LAC14FP;Ldwg Atlas Classic Bd Pedal;1;148.11
LAC251CHDIR;Atlas Classic Cymbal Arm;1;53.84
LAC48THDIR;Atlas Classic Saddle Throne;1;166.46
LAPAM3DIR;Atlas Mount Bracket (3 Pk);1;138.13
LAPSC;Stacker Cap;1;9.08
LAPSCDIR;Stacker Cap;1;10.62
LAP10RD;12mm Accessory Rod 10 Inch;1;8.64
LAP12RD;12mm Accessory Rod 12 Inch;1;8.64
LAP14RDDIR;12mm Accessory Rod 14 Inch;1;9.92
LAP16HHDIR;Atlas Pro Hi-hat Stand;1;237.29
LAP16RDDIR;12mm Accessory Rod 16 Inch;1;12.75
LAP23SSLDIR;Atlas Pro Ii Snare Stand;1;159.37
LAP256STHDIR;Double Tom Accessory Clamp;1;77.91
LAP2984MTDIR;Double Tom Bass Bracket;1;113.33
LAP2985MTDIR;Single Tom Bass Bracket;1;87.12
LAP3S8DIR;Sciissor Lift Long;1;77.91
LAP3T1DIR;Aerodyne Tilter Clamp, Short;1;46.05
LAP3T6DIR;Aerodyne Tilter Clamp, Long;1;53.12
LAP4RDDIR;12mm Accessory Rod 4 Inch;1;9.92
LAP473CBHDIR;Cowbell Holder L-arm;1;12.75
LAP50TH;Ldwg Atlas Pro Saddle Throne;1;145.56
LAP5025TLDIR;12mm Floor Tom Leg (set Of 3);1;46.05
LASPACKDIR;Atlas Std Hardware Pack;1;346.37
LAS1MBDIR;Mini-boom Arm;1;68.7
LAS12BDIR;12mm L-arm Ball;1;20.55
LAS15FP;Ldwg Atlas Stnd Bd Pedal;1;85.0
LAS15FPDIR;Atlas Std Kick Pedal;1;84.29
LAS16HHDIR;Atlas Std Hi-hat Stand;1;92.08
LAS26CSDIR;Atlas Std Cymbal Stand;1;76.5
LAS36MBSDIR;Atlas Std Boom Cym Stand;1;84.29
LAS45TSDIR;Atlas Standard Double Tom Stnd;1;122.54
LA405K;6.5x14 Acrophonic Hmrd Snr;1;693.46
LA654BM;6.5x14 Acro Alum Sd W/p86ch;1;636.79
LB401;5x14 Super Brass Snare Drum;1;828.04
LB402BNJT;6.5x14 Jon Theodore Sd;1;1189.29
LB416BT;5x14 Black Beauty W/brass Trim;1;1104.29
LB416K;5x14 Hmmrd Blk Bty;1;990.97
LB416KT;5x14 Hmmrd Blk Bty W/tube Lugs;1;1040.54
LB417K;6 1/2 X 14 Hmmrd Blk Bty;1;1047.62
LB417KBT;6.5x14 Hmrd Blk Bty W/br Trim;1;1231.79
LB417KT;6 1/2 X 14 Hmmrd Blk Bty-tb Lg;1;1097.21
LB420BKT;5x14 Hammered Brass Snare;1;1061.79
LB454R;5x14 Raw Brass Snare;1;721.79
LB464R;6 1/2x14 Raw Brass Snare;1;778.46
LB508;8x14 Supra-pho Branze Snr;1;1040.54
LB550;5x14 Bronze Phonic Snare Drum;1;905.96
LB550R;5x14 Raw Bronze Snare Drum;1;799.7
LB550T;5x14 Bronze W/ Tube Lugs;1;927.2
LB552RS;6.5x14 Raw Striped Bronze Snr;1;955.54
LB654BM;6.5x14 Acro Brass Sd W/p86ch;1;849.29
LB842XXNMWC;14x22 Bass Drum-cl Maple (sc);1;1564.84
LB848A21QW15709;Lb848a21qwc Cstm;1;1436.87
LB882XXFEW10603;Lb882xxfe Cstm;1;1682.78
LCB742XXNW14909;Lcb742xxnmwc Cstm;1;1426.64
LCE144F9DIR;Element 14x14 Add-on Fl Tm Dir;1;0.0
LCF50P016;Element Pop 5pc Cmplet Bks;1;0.0
LCLUB20BLDIR;Contnl Club 20 4pc Blue Sparkl;1;1125.54
LCLUB22BLDIR;Contnl Club 22 4pc Blue Sparkl;1;1132.62
LCO1414BDIR;Continental 14x14 Ft Black;1;353.46
LCO1414GRSDIR;Continental 14x14 Ft Green Spk;1;353.46
LCO1414NDIR;Continental 14x14 Ft Natural;1;353.46
LCO1414SDIR;Continental 14x14 Ft Silver Sp;1;353.46
LCO5023NDIR;Contnl 22 3 Pc Natural Maple;1;1203.46
LCO5043BDIR;Contnl Pro Beat Black Lacquer;1;1224.71
LCO5043GDIR;Contnl Pro Beat Green Sparkle;1;1175.13
LCO5043NDIR;Contnl Pro Beat Natural Maple;1;1224.71
LCO5044BDIR;Contnl Pro Beat Plus Blk Lacq;1;1345.13
LCO5063BDIR;Contnl 26 3 Pc Black Lacquer;1;1260.12
LCO5063NDIR;Contnl 26 3 Pc Natural Maple;1;1260.12
LCO5063SDIR;Contnl 26 3 Pc Silver Sparkle;1;1210.54
LCO5064SDIR;Contnl 26 4 Pc Silver Sparkle;1;1302.62
LCO5163NDIR;Contnl 26 3 Pc Nat Maple;1;1146.79
LCO5163SBDIR;Contnl 26 4 Pc Black Lacq;1;1366.37
LCO5163SGDIR;Contnl 26 4 Pc Green Spkl;1;1274.29
LCO5163SNDIR;Contnl 26 4 Pc Nat Maple;1;1366.37
LCO5163SSDIR;Contnl 26 4 Pc Silver Spkl;1;1274.29
LCO5164SDIR;Contnl Zep Set Silver Sparkle;1;1408.87
LCO5165BDIR;Contnl Zep Set Plus Black Lacq;1;1672.99
LCO710BDIR;Continental 7x10 Tom Black;1;254.29
LCO710GRSDIR;Continental 7x10 Tom Green Spk;1;275.53
LCO710NDIR;Continental 7x10 Tom Natural;1;254.29
LCO710SDIR;Continental 7x10 Tom Silver Sp;1;275.53
LCS514AKTD;5x14 Hmrd Aluminum Concert Snr;1;941.37
LCS514CTD;5x14 Nat Copper Concert Snr;1;1175.13
LCS6514BKTD;6.5x14 Hmrd Brass Concert Snr;1;1097.21
LC054SDIR;Steel Shell Snare Drum-5 X 14";1;98.46
LC16HHDIR;Ludwig Classic Hi-hat Stand;1;141.67
LC178X0C6DIR;Pocket Kit Moon Dust;1;310.96
LC190C5DIR;Accent Fuse 5pc Jade Dust;1;424.29
LC190C6DIR;Accent Fuse 5pc Moon Dust;1;424.29
LC190C7DIR;Accent Fuse 5pc Snow Dust;1;424.29
LC195C5DIR;Accent Drive 5pc Jade Dust;1;424.29
LC195C6DIR;Accent Drive 5pc Moon Dust;1;424.29
LC195C7DIR;Accent Drive 5pc Snow Dust;1;424.29
LC19515DIR;Accent Drive 5pc Silver Sprkl;1;403.04
LC322BEWB;18x22"accent Cs Cstm Elit Bass;1;0.0
LC324TEWB;12x14"accnt Cs Custom Elit Tom;1;0.0
LC35BCSDIR;Ludwig Classic Boom Stand;1;106.25
LC654BM;6.5x14 Acro Copper Sd W/p86ch;1;1061.79
LC661T;5x14 Nat Patina Cpr Snr W/tl;1;913.04
LC662K;6.5x14 Copper Hammered;1;1125.54
LC662KTC;6.5x14 Copper Hmrd W/cpr Parts;1;1359.29
LC662T;6.5x14 Copper Smooth W/tube;1;1075.95
LC662TC;6.5x14 Cppr Smooth W/cpr Parts;1;1288.46
LC663;6.5x14 Nat Patina Copper Snare;1;934.3
LC663CKWMBLK;6.5x14 Raw Hmmrd, Plshd W/blk;1;1224.71
LC663CKWMDBLK;6.5x14 Rw Hmrd, Plshd Die Cast;1;1366.37
LC663TC;6.5x14 Nat Cpr Snr W/cpr Parts;1;1182.21
LECB28X7GWF;28" Concert Bass (si);1;2074.71
LECB32X7GWF;32" Concert Bass (si);1;2443.04
LECB62X8GWF;20x36 Concert Bass (si);1;2931.8
LEVO15TH;Evo Dbl Tom Hldr;1;82.09
LE102;Temple Blocks W/stand;1;560.1
LE1336;Triangle Clip;1;24.79
LE1368;Orch Bell Stand;1;152.3
LE1378;Concert Trap Table W/stand;1;301.04
LE520EC6DIR;20" Evo Moon Dust St;1;615.55
LE520018DIR;20" Evolution Mint;1;615.55
LE520024DIR;20" Evolution Copper;1;615.55
LE520028DIR;20" Evolution Platinum;1;615.55
LE522EC6DIR;22" Evo Moon Dust St;1;615.55
LE522010DIR;22" Evolution Cherry;1;615.55
LE522018DIR;22" Evolution Mint;1;615.55
LE522024DIR;22" Evolution Copper;1;615.55
LE522028DIR;22" Evolution Platinum;1;615.55
LE622018DIR;6pc Evolution Mint;1;686.38
LE788;Concert Bass Drum Stand;1;1122.0
LE790;Bass Drum Stand;1;220.29
LFN344TXA6;14x14 Nsnc Butterscotch Pearl;1;665.12
LFN344TXA7;Neusonic 14x14" Ft Steel Blue;1;665.12
LFN344TXA8;14x14 Nsnc Ebony Pearl;1;665.12
LFN344TXPB;14x14 Nsnc Satin Blue;1;672.22
LFN344TXPG;14x14 Nsnc Satin Gold;1;672.22
LFN344TXPR;14x14 Nsnc Satin Red;1;672.22
LF200CLW;Rim Guard/mallet Holder For Bd;1;124.67
LF349B;Black Bass Drum Sling;1;101.3
LF350B;Standard Bass Drum Sling-black;1;58.08
LF350W;Standard Bass Drum Sling-white;1;58.08
LF390;Shl Mt Lg Rst;1;87.12
LF479;Rod Mt Lg Rest;1;101.3
LF844TR27WC;14x14 Cm Flr Tom (sc);1;760.84
LF866TXAOW07265;Class Maple 16x16" Ft Ao;1;955.21
LF866TX1QW07087;Class Maple 16x16" Ft Vbo;1;955.21
LF944VXX47;14x14 Vis Ft W/ Mc Lugs-amber;1;784.37
LF944VXX56;14x14 Vis Ft W/ Mc Lugs-yellow;1;784.37
LF966VXX55WC;16x16 Floor Tom;1;884.71
LF968VXX1VWC;Vista 16x18 Fl Tom Bronze;1;1012.21
LF968VXX47WC;16x18 Floor Tom W/classic Leg;1;983.87
LF968VXX48WC;16x18 Floor Tom W/classic Leg;1;935.64
LF968VXX55WC;16x18 Floor Tom W/classic Leg;1;983.87
LG22SSDIR;Gig Snare Stand Std Profile;1;113.33
LG26CSDIR;Gig Cymbal Straight Stand;1;106.25
LG36BCSDIR;Gig Cymbal Boom Stand;1;113.33
LKF744XXAG;14x14 Oak Floor Tom;1;0.0
LKF744XX1M;14x14 Oak Floor Tom;1;0.0
LKG23;Tuning Gauge (pedal Activated);1;399.49
LKG26;Tuning Gauge (pedal Activated);1;399.49
LKG29;Tuning Gage (pedal Activated);1;399.49
LKG32;Tuning Gauge (pedal Activated);1;399.49
LKH20;Tuning Gauge Hoop Act Kit;1;351.22
LKH23;Tuning Gauge Hoop Act Kit;1;380.84
LKH26;Tuning Gauge Hoop Act Kit;1;380.84
LKH29;Tuning Gauge Hoop Act Kit;1;380.84
LKH32;Tuning Gauge Hoop Act Kit;1;380.84
LKT770XXAG;7.5x10 Oak Tom W/mt;1;0.0
LLB340XX2W16049;Leg Maple 20x14" Bd Red Sparkl;1;1775.48
LLB344XX5W13846;Llb344xx54wc Cstm;1;1828.49
LLB440XXBW12310;Legacy 20x14" Bd Burnt Nat;1;2177.97
LLB442XXBW12304;Legacy 22x14" Bd Burnt Nat;1;2248.83
LLB464XXBW12303;Legacy 24x16" Bd Burnt Nat;1;2306.6
LLB540LX3W14807;Leg Mahog 20x14" Bd Gold Spark;1;1821.57
LLC34233LXHG;22" Lmap Fab Heritge Grn;1;4355.54
LLF344TX2W16050;Leg Maple 14x14" Ft Red Sparkl;1;1017.91
LLF446TXBW12308;Legacy 16x14" Ft Burnt Nat;1;1403.21
LLF468TXBW12309;Legacy 18x16" Ft Burnt Nat;1;1608.06
LLT393AM2W16051;Leg Maple 13x9" Tt Red Sparkle;1;939.67
LLT403AMBW12307;Legacy 13xx10" Tt Brunt Nat;1;1297.71
LLT504XX54WC;Green Sparkle Tom;1;0.0
LMS1;Marching Stick    12/15;1;0.0
LM2483RBR;Ludwig Cmb Kt-roll Blk Rd Bag;1;537.62
LM402KT;6.5x14 Hmmd Chrm Snre-tube Lug;1;884.71
LM402T;6 1/2x14 S-pho Metal Snare Dr;1;785.55
LM405C;6 1/2 X 14 Acrolite Classic Sn;1;587.21
LM405CT;6 1/2 X 14 Acrolite Snr W/tl;1;608.45
LM405DTC;6.5x14 Acrophonic W/cpr Hw;1;884.71
LM405K;6.5 X 14 Hmrd Acrolite Snare;1;693.46
LM652BBR;Percussion Bell Kit, Backpack;1;339.3
LN34204FTXPB;22" Nsnc Fmod2 Stn Rb;1;2513.87
LN34204FTXPG;22" Nsnc Fmod2 Stn Gs;1;2513.87
LN34204FTXPR;22" Nsnc Fmod2 Stn Dr;1;2513.87
LN34204FTXS3;22" Nsnc Fmod2 Merlot Ss;1;2513.87
LN34204TXS3;22" Nsnc Mod2 Merlot Ss;1;2513.87
LN34233TXAG;22" Nsnc Fab Silver Silk;1;2060.54
LN34233TXA7;22" Nsnc Fab  Stblue Prl;1;2053.47
LN34233TXPB;22" Nsnc Fab  Stn Rb;1;2060.54
LN34233TXPG;22" Nsnc Fab Stn Gs;1;2060.54
LN34233TXPR;22" Nsnc Fab  Stn Dr;1;2060.54
LN34233TXS2;22" Nsnc Fab Blue Ss;1;2060.54
LN34233TXS3;22" Nsnc Fab Merlot Ss;1;2060.54
LN34433TXAG;24" Nsnc Pro Beat Silver Silk;1;2124.29
LN34433TXA8;24" Nsnc Pro Beat Ebony Prl;1;2124.29
LN34433TXPB;24" Nsnc Pro Beat  Stn Rb;1;2124.29
LN34433TXPG;24" Nsnc Pro Beat Stn Gs;1;2124.29
LN34433TXPR;24" Nsnc Pro Beat  Stn Dr;1;2124.29
LPMB18;14 X 18 Marching Bass Drum;1;490.86
LPMB26;16 X 26 Marching Bass Drum;1;991.66
LP50THDIR;Ludwig Pro Saddle Throne;1;162.21
LP66C;Ldwg Molded Case 14x16 - 16x16;1;140.26
LP68C;Ldwg Molded Case 14x18 - 16x18;1;152.99
LP923SSC;Concert Snare Stand;1;231.62
LRC2022BSDIR;Centennial 20"x22" Bass Drum;1;0.0
LRS313ECDIR;3x13 Snare Drum, Natural;1;211.79
LR256STH;L. Arm Single Tom Holder;1;63.38
LR257STH;Elite 10.5mm Sgl Tom Holder;1;63.38
LR257STHDIR;Elite Sgl-tom Holder 10.5mm;1;55.25
LR2974SP;Elite Kick Spur;1;164.33
LR2980MT;Rocker Tom Tom Holder;1;168.59
LSTLS5514;5.5x14 Stnls Stl Snare;1;374.65
LS401XXNM;5x14 Cl Maple Snare Drum (sc);1;636.79
LS403XX0Q;6.5x14 Cm Snare Black Oyster;1;693.46
LS403XX1Q;6.5x14 Cl Maple Snr Drum (sc);1;693.46
LS754XXBH;5x14 Cl Oak Snare Night Oak;1;587.21
LS754XXSK;5x14 Cl Oak Snare Smoke;1;587.21
LS754XXTW;5x14 Cl Oak Snare Ten Wsky;1;587.21
LS764XXSK;6.5x14 Cl Oak Snr, Smoke;1;636.79
LS764XX0P;6.5x14 Cl Oak Snr;1;591.58
LS903VXXK1;Vl50 6.5x14 Redspkl/smoke/red;1;633.89
LS903VXX55;6.5x14 10 Lug Snare Drum-p85;1;636.79
LTG720KG;Grand Sym Timp Ham'rd 20" W/g;1;5304.71
LTN370TXPR;7x10 Nsnc Satin Red;1;537.62
LTP520KG;Pro Timp Ham'rd 20" W/g;1;5049.7
LTS420AG;20" Standard Timpani-alum W/g;1;3370.95
LTS420PG;20" Standard Timp-copper W/g;1;4440.55
LT770AX27;7x10 Keystone X Red Sparkle;1;421.47
LT803AMFEW10604;Lt803amfe Cstm;1;931.87
LT870AM2Q;7x10 Tom-classic Maple (sc);1;591.58
LT870AM52;7x10 Tom-classic Maple (sc);1;591.58
LT878AM1QW04689;Custom Cm Tom 8x8;1;547.83
LT878LM0PW10336;Lt878lm0p Cstm;1;552.45
LT880AM0GW10993;Lt880am0g Cstm;1;632.3
LT880AM2PW14441;Class Maple 10x8" Tt Blue Oliv;1;600.38
LT882AMZ6W13882;Lt882amz6wc Cstm;1;811.9
LT892AM1QW04517;Class Maple 12x9" Tt Vbo;1;645.38
LT893AMAOW17914;Lt893amaowc Cstm;1;730.68
LT893XX0YW10072;Lt893xx0ywc Cstm;1;715.23
LT904VXX47WCR;10x14 Tom;1;743.03
LT904VXX55WCR;10x14 Tom;1;743.03
LT980VXX38WCR;8x10 Tom;1;629.71
LT980VXX47;8x10 Vis Tt W/ Mc Lugs-amber;1;625.91
LT980VXX55;8x10 Vis Tt W/ Mc Lugs-blue;1;625.91
LUDHCIRCLBK;Ludhcirclbk;1;38.96
LUDHCIRCLGR;Ludhcirclgr;1;38.96
LUDHCIRCMBK;Ludhcircmbk;1;38.96
LUDHCIRCMGR;Ludhcircmgr;1;38.96
LUDHCIRCSBK;Ludhcircsbk;1;38.96
LUDHCIRCSGR;Ludhcircsgr;1;38.96
LUDHCIRCXLGR;Ludhcircxlgr;1;38.96
LUDHCIRCXXLBK;Ludhcircxxlbk;1;38.96
LUDHCIRCXXLGR;Ludhcircxxlgr;1;38.96
LUDHCIRCXXXLBK;Ludhcircxxxlbk;1;38.96
LUDHCIRCXXXLGR;Ludhcircxxxlgr;1;38.96
LUDHLOGOLBK;Ludhlogolbk;1;38.96
LUDHLOGOMBK;Ludhlogombk;1;38.96
LUDHLOGOSBK;Ludhlogosbk;1;38.96
LUDHLOGOXLBK;Ludhlogoxlbk;1;38.96
LUDHLOGOXXLBK;Ludhlogoxxlbk;1;38.96
LUDHLOGOXXXLBK;Ludhlogoxxxlbk;1;38.96
LUDMUG;Ludwig Mug;1;10.62
LUDMUGSAMPLE;Ludwig Mug Sample;1;0.0
LUDPOLOL;Ludwig Mens Polo Large;1;18.89
LUDPOLOS;Ludwig Mens Polo Small;1;18.89
LUDPOLO10;Ludwig Womens Polo Size 10;1;18.89
LUDPOLO8;Ludwig Womens Polo Size 8;1;18.89
LUDRUG;Ludwig Drum Rug;1;152.99
LUDTCIRCLBK;Lud Tee L Black;1;21.24
LUDTCIRCLGR;Lud Tee L Green;1;21.24
LUDTCIRCLW;Lud Tee L White;1;21.24
LUDTCIRCMBK;Lud Tee M Black;1;21.24
LUDTCIRCMGR;Lud Tee M Green;1;21.24
LUDTCIRCMW;Lud Tee M White;1;21.24
LUDTCIRCSBK;Lud Tee S Black;1;21.24
LUDTCIRCSGR;Lud Tee S Green;1;21.24
LUDTCIRCSW;Lud Tee S White;1;21.24
LUDTCIRCXLBK;Lud Tee Xl Black;1;21.24
LUDTCIRCXLGR;Lud Tee Xl Green;1;21.24
LUDTCIRCXLW;Lud Tee Xl White;1;21.24
LUDTCIRCXXLBK;Lud Tee Xxl Black;1;21.24
LUDTCIRCXXLGR;Lud Tee Xxl Green;1;21.24
LUDTCIRCXXLW;Lud Tee Xxl White;1;21.24
LUDTCIRCXXXLBK;Lud Tee Xxxl Black;1;21.24
LUDTCIRCXXXLGR;Lud Tee Xxxl Green;1;21.24
LUDTCIRCXXXLW;Lud Tee Xxxl White;1;21.24
LUDTFACTLBL;Ludwig T Factory Lar Blue;1;21.24
LUDTFACTSBL;Ludwig T Factory Sml Blue;1;21.24
LUDTFACTXLBL;Ludwig T Factory Xl Blue;1;21.24
LUDTFACT12BL;Ludwig T Factory 12 Blue;1;21.24
LUDTFACT14BL;Ludwig T Factory 14 Blue;1;21.24
LUDTFACT16BL;Ludwig T Factory 16 Blue;1;21.24
LUDTFACT18BL;Ludwig T Factory 18 Blue;1;21.24
LUDTLOGOMBK;Ludtlogombk;1;12.75
LUDTLOGOSBK;Ludtlogosbk;1;12.75
LUDTLOGOXXLBK;Ludtlogoxxlbk;1;12.75
LUDTLOGOXXXLBK;Ludtlogoxxxlbk;1;12.75
LULT14PW;12x14 Ult Leg Tenor - White;1;615.55
LUMB18PW;14x18 Ultimate Bass, White;1;898.88
LUMB20PW;14x20 Ultimate Bass, White;1;962.63
LUMB24PW;14x24 Ultimate Bass, White;1;1026.38
LUMS14PW;12x14 Ultimate Snare, White;1;1061.79
LU0713CDIR;7x13 Universal Brs W/chrome;1;339.3
LU0713DIR;7x13 Universal Brass Snare;1;438.46
LU5514CDIR;5.5x14 Universal Brs W/chrome;1;339.3
LU5514DIR;5.5x14 Universal Brass Snare;1;438.46
LU6514BEDIR;6.5x14 Universal Beech Snare;1;438.46
LU6514CHDIR;6.5x14 Universal Cherry Snare;1;438.46
LV2BN;Ldwg Drm Sticks Hick Nt 2b;1;14.17
LV5A;Ldwg Drm Sticks Hick Wt 5a;1;14.17
LV5B;Ldwg Drm Sticks Hick Wt 5b;1;14.17
LV5BN;Ldwg Drm Sticks Hick Nt 5b;1;14.17
LW1020P3ESV;Ludwig 20" Ps 3 Ebony W/s Logo;1;80.74
LW1024P3ESV;Ludwig 24" Ps 3 Ebony W/s Logo;1;88.53
LW1026P3ESV;Ludwig 26" Ps 3 Ebony W/s Logo;1;93.51
LW108RAC;Ludwig 8" Coated Ambassador;1;26.21
LW110RAC;Ludwig 10" Coated Ambassador;1;27.62
LW112RAC;Ludwig 12" Coated Ambassador;1;28.34
LW113RAC;Ludwig 13" Coated Ambassador;1;29.75
LW114RAC;Ludwig 14" Coated Ambassador;1;31.17
LW116RAC;Ludwig 16" Coated Ambassador;1;35.41
LW118RAC;Ludwig 18" Coated Ambassador;1;43.91
LW1220P3SWV;Ludwig 20" Ps 3 Sm Wht W/sc Lo;1;70.12
LW1222P3SWB;Ludwig 22" Ps 3 Sm Wht W/bl Lo;1;73.67
LW1224P3SWB;Ludwig 24" Ps 3 Sm Wht W/bl Lo;1;77.91
LW1224P3SWV;Ludwig 24" Ps 3 Sm Wht W/sc Lo;1;77.91
LW1226P3SWB;Ludwig 26" Ps 3 Sm Wht W/bl Lo;1;82.87
LW1226P3SWV;Ludwig 26" Ps 3 Sm Wht W/sc Lo;1;82.87
LW1318P3CLR;Ludwig 18" Powerstroke 3 Clear;1;68.01
LW1320P3CLR;Ludwig 20" Powerstroke 3 Clear;1;76.5
LW1322P3CLR;Ludwig 22" Powerstroke 3 Clear;1;72.95
LW1324P3CLR;Ludwig 24" Powerstroke 3 Clear;1;77.91
LW213W;Wm Head-13" Dbl Ply Coated;1;0.0
LW216W;Wm Head-16" Dbl Ply Coated;1;0.0
LW306RA;Ludwig 6" Clear Ambassador;1;24.79
LW308RA;Ludwig 8" Clear Ambassador;1;26.21
LW310RA;Ludwig 10" Clear Ambassador;1;28.34
LW3113;Wm Head Med Clear;1;0.0
LW312RA;Ludwig 12" Clear Ambassador;1;28.34
LW313RA;Ludwig 13" Clear Ambassador;1;29.75
LW314RA;Ludwig 14" Clear Ambassador;1;31.17
LW316RA;Ludwig 16" Clear Ambassador;1;36.84
LW318RA;Ludwig 18" Clear Ambassador;1;43.91
LW3212;Wm Head Med White;1;0.0
LW3312;Ldwg Wm Head Med Coat 12";1;34.0
LW3313;Ldwg Wm Head Med Coat 13";1;34.71
LW3318;Wm Head Med Coated;1;0.0
LW4108;Wm Head Hvy Clear;1;0.0
LW4112;Wm Head Hvy Clear;1;0.0
LW4113;Wm Head Hvy Clear;1;0.0
LW4122;Bass Drum, 22" Weather Master;1;0.0
LW4124;Wm Head Hvy Clear;1;0.0
LW4212;Wm Head Hvy White;1;0.0
LW4214;Wm Head Hvy White;1;0.0
LW4216;Wm Head Hvy White;1;0.0
LW4310;Wm Head Hvy Coated;1;0.0
LW4315;Wm Head Hvy Coated;1;0.0
LW4318;Wm Head Hvy Coated;1;0.0
LW4326;Wm Head Hvy Coated;1;0.0
LW4413;Wm Head Hvy Ctd Sd;1;0.0
LW5114;Wm Head Power Collar;1;0.0
LW6108R;Ludwig 8" Clr Ambas Slvr Dot;1;20.55
LW6110R;Ludwig 10" Clr Ambas Slvr Dot;1;21.24
LW6112R;Ludwig 12" Clr Ambas Slvr Dot;1;22.67
LW6113;Wm Head Hvy Clear Sd;1;0.0
LW6113R;Ludwig 13" Clr Ambas Slvr Dot;1;24.08
LW6114R;Ludwig 14" Clr Ambas Slvr Dot;1;28.34
LW6115;Wm Head Hvy Clear Sd;1;0.0
LW6116R;Ludwig 16" Clr Ambas Slvr Dot;1;34.71
LW6118R;Ludwig 18" Clr Ambas Slvr Dot;1;38.96
LW6120R;Ludwig 20" Ps 3 Clr Slvr Dot;1;68.7
LW6122;Ludwig 20";1;0.0
LW6122R;Ludwig 22" Ps 3 Clr Slvr Dot;1;72.95
LW6124;Wm Head Hvy Clear Sd;1;0.0
LW6124R;Ludwig 24" Ps 3 Clr Slvr Dot;1;78.63
LW6126R;Ludwig 26" Ps 3 Clr Slvr Dot;1;83.59
LW6414;Wm Head Hi-torq Sd;1;0.0
LW6618;Wm Head Ebony Ported;1;0.0
LW6818B;Wm Head Ebony      08/15;1;0.0
LW6820;Wm Head Ebony;1;0.0
LW7218B;18" Head Hvy Wht Muffle Collar;1;0.0
LW7318B;18" Head Coated Muffle Collar;1;0.0
LW7320;20" Head Coated Muffle Collar;1;17.72
LXC2BLK;Ludwig Cymbal Bag 24";1;173.54
LX10BO;Ldwg Atls Clsc Tm Bag 8x10;1;1.19
LX12BLK;Ludwig Tom Bag 8x12;1;142.37
LX14BLK;Ludwig Tom Bag 14x14;1;173.54
LX1420BLK;Ludwig Bass Drum Bag 14x20;1;194.08
LX16BLK;Ludwig Tom Bag 16x16;1;183.45
LX16BO;Ldwg Atls Clsc Flr Tm Bg 16x16;1;0.0
LX1622BLK;Ludwig Bass Drum Bag 16x22;1;204.0
LX1624BLK;Ludwig Bass Drum Bag 16x24;1;213.92
LX18BLK;Ludwig Tom Bag 16x18;1;194.08
LX1824AP;Ldwg Atls Pro Bdr Bag 18x24;1;0.0
LX24BO;Ldwg Atlas Clsc Bdr Bag 16x24;1;0.0
LX31OLV;Ludwig Stick Bag-olive;1;32.58
LX614BLK;Ludwig Snare Bag;1;102.0
L084R;Rim, 8-4;1;35.55
L106RDIR;Rim, 10-6;1;50.29
L1107;15" Wire Snare-12 Strand;1;0.0
L111;Torque Wrench;1;21.96
L1110;14" Wire Snare-12 Strand;1;77.12
L112;Spin Key;1;10.16
L1232;14" 20 Strand Wire Snare;1;41.08
L126R;Rim, 12-6;1;40.73
L1280;Reversable Pedal Beater;1;40.38
L1286;Pedal Beater-hard Felt;1;39.67
L1304BA;Bass Drum Anchor;1;65.55
L136RDIR;Rim, 13-6;1;45.33
L1370;Hoop Mount Cymbal Holder;1;73.47
L1372;Shell Mt Cymbal Holder;1;83.59
L1408BC;14-8 Cast Btr Hoop, Chrome Pl;1;87.84
L1408SCDIR;14-8 Cast Snr Hoop Chrome Plt;1;56.01
L1410BBDIR;14-10 Cast Btr Hoop, Brass Plt;1;74.38
L1410SBDIR;14-10 Cast Snr Hoop, Brass Plt;1;74.38
L1410SCDIR;14-10 Cast Snr Hoop Chrome Plt;1;63.74
L144;Ldwg Timp Lt Cvr Fldrp Vnl 20";1;102.71
L148R;Rim, 14-8;1;56.01
L148RM;Rim, 14-8 W/p1762b Modular Mt;1;0.0
L168RDIR;Rim, 16-8;1;63.04
L168RM;Rim, 16-8 W/p1762b Modular Mt;1;0.0
L1804;Bass Drum Felt Strip;1;9.21
L190;Ldwg Brush Red Ribd W/ Loop;1;42.49
L191;Ldwg Brush Red Grve W/ Loop;1;42.49
L1929;Snares - 14" - 12 Strand;1;24.08
L1930;Snares - 14" W/ Tape & Cord;1;24.79
L194;Ldwg Brush Red Grve W/ Ball;1;0.0
L1963;Snare, Vintage 18 Strand - 14";1;29.05
L203DIR;Speed King Pedal;1;173.54
L204SFDIR;Speed Flyer Pedal;1;173.54
L205SFDIR;Speed Flyer Double Pedal;1;460.42
L206;Ldwg Brush Clr Plstc W/ Loop;1;74.19
L2320;Ldwg Acrlt Bd Mlt Dbl Bl Alum;1;101.3
L236MBS;Accent Cs Combo Boom Stand;1;0.0
L247THDIR;Accent Combo Throne;1;46.05
L2508DIR;Hi-hat Clutch For Mod/clas Std;1;14.39
L2509DIR;Quick Release Hi-hat Clutch;1;38.96
L304;Payson Timp Mallet Soft;1;46.75
L305;Payson Timp Mallet Med Soft;1;46.75
L306;Payson Timp Mallet Med;1;46.75
L307;Payson Timp Mallet Hard;1;46.75
L309;Pysn Bd Mlt Wht Rolr Sft X2;1;69.42
L310;Pysn Bd Mlt General Purpose;1;49.58
L319;Ldwg Bd Mlt Dbl Ball Wd Shft;1;102.71
L335;Thongs Only;1;13.45
L341;Mallets, Bell Kit;1;12.75
L347THDIR;Accent Custom Throne;1;76.5
L348THDIR;Accnt Pro Lvl Throne-round Std;1;99.87
L349THDIR;Accnt Pro Lvl Throne-saddl Std;1;116.88
L355STHDIR;Cs Custom Single Tom Holder;1;46.05
L382;13" Rubber Practice Pad;1;20.55
L4HPACKDIR;Cs400 Complete Hardware;1;307.42
L422SSDIR;400 Series Snare Stand-direct;1;60.91
L426CSDIR;400 Series Cymbal Stand-direct;1;60.91
L436MBSDIR;400 Series Boom Cym Std-direct;1;76.5
L6103LXU1;20" Cd Downbeat - U1;1;2116.87
L7342AXSKWC;22" Cl Oak Fab Smoke;1;2903.46
L7342AX54WC;22" Cl Oak Fab;1;2792.0
L74226AXBHWC;Cl Pak Eurobeat 1 Night Oak;1;2873.18
L7462AXK2WC;22" Cl Oak Studio Brwn Brst;1;3477.2
L84023AXA2;20" Cm Downbeat Lemon Oyster;1;2868.03
L84023AXA3;20" Cm Downbeat Citrus Mod;1;2868.03
L84023AX0Q;20" Cm Downbeat Blk Oystr;1;2868.03
L84023AX0S;20" Cm Downbeat 0s;1;2868.03
L84023AX2Q;20" Cm Downbeat 2q;1;2868.03
L84226AX1QWC;Cm 22-12-16 Vint Blk Oyst Eur;1;3080.54
L84233AXAOWC;22" Cm Fab Aged Onyx Marine;1;2974.29
L84233AXH1WC;22" Cm Fab Hybd Blk Sprkl;1;2974.29
L84233AX0SWC;22" Cm Fab 0s;1;2974.29
L84233AX1QWC;22" Cm Fab 1q;1;2974.29
L84233AX27WC;22" Cm Fab 27;1;2974.29
L84233AX51WC;22" Cm Fab 51;1;2974.29
L84233AX52WC;22" Cm Fab 52;1;2974.29
L84233AX6AWC;22" Cm Fab Moss Grn;1;2974.29
L84433AXH2WC;24" Cm Pro Beat Hybd Cppr Sprk;1;3023.88
L84433AX0LWC;24" Cm Pro Beat Cherry;1;3661.38
L84433AX0PWC;24" Cm Pro Beat 0p;1;3023.88
L84433AX0QWC;24" Cm Pro Beat Blk Oystr;1;3023.88
L84433AX0SWC;24" Cm Pro Beat 0s;1;3023.88
L84433AX6AWC;24" Cm Pro Beat Moss Grn;1;3023.88
L84434AX1QWC;24" Cm Pro Beat Plus;1;3980.13
L86204AX0Q;22" Cm Studio Blk Oystr;1;3611.78
L86204AX6A;22" Cm Studio Moss Grn;1;3611.78
L86226AX33WC;Cm 22-12-16 Gold Sparkle Eur;1;3328.46
L86226AX52WC;Cm 22-12-16 Sky Blue Prl Eur;1;3328.46
L903XXCA;8x14 Cast Alu Slotted Coliseum;1;2308.45
L903XX0N;8x14 Cm Slotted Coliseum;1;1040.54
L94233LX38WC;Vistalite 3 Pc Fab Kit Clear;1;2974.29
L94233LX47WC;Vistalite 3 Pc Fab Kit Amber;1;2974.29
L94433LXK1WC;Vl50 Pbeat Redspkl/smoke/redsp;1;3130.53
L94433LX38WC;24" Vl Pro Beat, Clear;1;3045.13
MPLBDCUSTOM;Classic Maple Bass Drum;1;1184.49
MPLFTCUSTOM;Mplftcustom;1;0.0
MPLSDCUSTOM;Mplsdcustom;1;0.0
MPLTTCUSTOM;Mplttcustom;1;0.0
MSPX535DIR;Studio 3.5 Oct Padauk Xylo;1;2450.13
MUCARTM;Musser Ult Cart-med-vibe/xylo;1;1952.17
MUS102;Mus Mlt 2 Stp Rbr Ball Med Grn;1;36.73
MUS106;Mus Mlt 2 Stp Yrn Med Sft Tan;1;39.62
MUS107;Mus Mlt 2 Stp Yrn Med Grn;1;39.62
MUS108;Mus Mlt 2 Stp Yrn Med Hrd Gry;1;39.62
MUS111;Mus Mlt Brch Rbr Ball Sft Tan;1;4569.26
MUS112;Mus Mlt Brch Rbr Ball Med Grn;1;15.23
MUS116;Mus Mlt Brch Yrn Sft Tan;1;26912.02
MUS117;Mus Mlt Brch Yrn Med Grn;1;7192.85
MUS118;Mus Mlt Brch Yrn Hrd Gry;1;7192.85
MUS123;Mus Mlt 2 Step Lexan Hrd;1;38.17
MUS132;Mus Mlt Birch Poly Ball Hrd;1;2538.1
MUS133;Mus Mlt Birch Lexan Hrd;1;4569.26
MU2KX35;3.5?oct Ult2 Kelon Xylophone;1;0.0
M1;Mallets 2-step Handle Soft Rbr;1;34.0
M138;Ldwg M48 Case Set Of 3;1;2509.62
M14;Mallets 2-step Hndl Brass Xhrd;1;31.17
M167;Ldwg M75 Lt Cvr Fldrp Vynl;1;110.5
M2040W0;Lightweight Bell Lyra - A440;1;1437.21
M2042;M2040 Deluxe Cover;1;68.7
M226;Musser Xylo Mallet Med Hard;1;52.42
M227;Musser Xylo Mallet Hard;1;50.92
M228;Good Vibes Mallets, Soft;1;60.21
M229;Good Vibes Mallets, Med-hard;1;60.21
M23;Mallets 2-step Hndl Lexan Hard;1;41.08
M233;Good Vibes Mallets, Pink;1;60.21
M237;Good Vibes Mallets, Hard;1;60.21
M240;4.3 Octave Padauk Marimba;1;9604.29
M336;Mus Rawhide Chime Mlt #2;1;34.71
M4;Mallets 2-step Handle Hard Rbr;1;34.0
M401;Mallets Birch Handle Soft Rbr;1;26.92
M402;Mallets Birch Handle Med Rbr;1;26.92
M404;Mallets Birch Handle Hard Rbr;1;26.92
M405;Mallets Birch Phenolic Hard;1;31.17
M406;Mallets Birch Handle Hard Yarn;1;33.29
M407;Mallets Birch Handle Med Yarn;1;33.29
M408;Mallets Birch Handle Soft Yarn;1;33.29
M41;Musser Xylo Kit;1;1869.29
M423;Mallets Birch Handle Lexan Hrd;1;32.58
M425;Mallets Birch Handle Med Poly;1;27.62
M44WT;Combo Vibe 442 Tun W/trnfmr;1;5729.71
M47;3 1/2 Octave Xylo Kit;1;2372.22
M5;Mallets 2-step Phenolic Hard;1;38.96
M55BWT;Pro Vibe Blk 442 Tun W/trnfmr;1;8045.96
M55FWT;Pro Vibe 250v Export Less Bars;1;5891.12
M55GWT;Pro Vibe Gld 442 Tun 250v Expo;1;8499.29
M55WT;Pro Vibe 442 Tun 250v Export;1;8045.96
M55W3T;Pro Vibe 443 Tun 250v Export;1;8244.3
M6;Mallets 2-step Handle Hard Yrn;1;41.79
M645;Orchestra Bells W/o Damper;1;1904.71
M656;Concert Band Bells-alum;1;1437.21
M665BEX;Symp Chimes Br-export Pack;1;8258.46
M7;Mallets 2-step Handle Med Yrn;1;41.79
M8;Mallets 2-step Handle Soft Yrn;1;41.79
PCA006;Breakbeats Drum Lift - 2020;1;55.75
PCA020B;179 Bass Drum Batter Hd;1;14.4
PC1004;Bass Drum Lug Chrome;1;4.24
PC1020;Spur-floor Tom Bracket - Combo;1;12.75
PC1040;Key Rod 2", Cs Toms;1;0.72
PC1041;Lug, Toms Complete;1;3.55
PC19011;20" Accent Bd Hoop Black;1;29.05
PC22SS;Accent Snare Stand;1;53.12
PC2270;Pocket Kit Bass Drum Pedal;1;48.17
PC2271;Pocket Kit Hi Hat Stand;1;64.46
PC2272;Pocket Kit Throne;1;57.37
PC2273;Pocket Kit Snare Stand;1;36.12
PC2274;Pocket Kit Tom Arm;1;39.67
PC2275;Pocket Kit Boom Cymbal Arm;1;48.17
PC2276Q2;Pocket Kit Spurs (set Of 2);1;100.58
PC2277;Pocket Kit Spur Bracket;1;12.75
PC2278Q3;Pocket Kit Floor Tom Legs (3);1;8.5
PC2279;Pocket Kit Fl Tom Leg Bracket;1;12.75
PC2282;Pocket Kit 12" Hi Hat Cym Pair;1;59.5
PC2283;Pocket Kit 14" Crash/ride Cym;1;40.38
PC2307L;Evolution Bs Dr Spur Comp Left;1;46.82
PC2307R;Evolution Bs Dr Spur Comp Rt;1;46.82
PC2309;Evolution Tom & Fl Brkt 10.5m;1;24.48
PC2325Q4;Evolution Claw Hooks (4);1;45.33
PC2416;Accent Bd Key Rod;1;1.41
PC2417;Accent Claw Hook;1;5.66
PC2418;Accent Snare Stainer;1;20.55
PC2421;12" 6-ear Accent Hoop;1;18.41
PC27922;Pc27922;1;11.34
PC30933;Atlas Std Wing Nut;1;7.07
PC30934;Atlas Std Sn Rubber Crutch Tip;1;4.24
PC3145;Atlas Std Pedal Spring Assy;1;21.24
PC3157;Atlas Std Pedal Tension Spring;1;3.55
PC40062;Bass Drum Spurs 9.5 X 345 Mm;1;20.55
PKR63S;Key Rod 6.312" Steel Washer;1;3.19
PM0010;Keystone Tom Lug;1;3.61
PM0011BZ;Keystone Bass Lug Bronze;1;4.24
PM0048;Clamp On Tom Holder W/12mm Arm;1;78.63
PS1228;Pin, Bearing, Cam, Cap Set;1;0.0
PS6BR;Piccolo Strainer-lw0414cp;1;41.79
PS9XB;Strainer All Black Magic;1;25.5
PS9XC;Strainer Chrome;1;17.71
PTUD150C;Tube Lug 6-8 In. Drum;1;9.21
PT035BR;Tension Rod 35mm - Lw0414cp;1;0.72
PT042B;Tension Rod 42mm-carbon Washer;1;0.72
PT042W;Tension Rod 4-5 In.drum;1;1.41
PT047B;Tension Rod 6.5 In.drm Blk Mgk;1;0.72
PT047W;Tension Rod 5.5-6.5 In.drum;1;0.72
PT1008GP;Letter Screw Assembly " G ";1;9.92
PT1031A;New Brake Arm Assembly;1;100.58
P0108;Wing Nut 10-24 Bright Zinc;1;1.41
P0253;Rhms 6-32 X 1/4" Sl Zp Binder;1;1.7
P0415B;Ludwig Bass Drum Decal Blk 10";1;6.38
P0633;Timpani Strut Spacer;1;2.13
P10121;Clamp Strainer-plated;1;2.83
P1014;Plastic Strap .7" X 8";1;1.41
P1141C;Handle Coupl/link;1;23.69
P11631;Tension Adjustment Wheel Only;1;4.96
P1172A;Short Cam Arm Assy;1;12.04
P1305;Comp Spring;1;4.24
P1406A;Tension Knob Assembly;1;48.17
P1410A;Spring Case Assembly;1;227.38
P1412;Comp Spring   5-1/16" Long;1;9.21
P14201;Bearing Flange Zp;1;4.96
P1442;Letters Rh Gage(29-32")abcdefg;1;25.39
P1445;3" Caster W/brake Zp;1;14.17
P1447;Caster 3" Chime;1;25.5
P1534;Plastic T Handle Knob;1;6.38
P1549;Tens Screw 5/16-18 X 3-39/64";1;9.21
P1566;Tens Screw 5/16-18 X 4-59/64";1;8.5
P1579A;Tuning Handle Assembly;1;46.55
P1581A;Tension Handle Assembly;1;34.57
P15911;Stud Lock Zp;1;7.79
P16121;Tube Retainer Shoe - Plated;1;7.79
P16191;Ball End Set Screw-plt & Anodz;1;2.83
P1632;Eye Bolt;1;4.96
P1635A;U Clamp For Cowbell Hold;1;0.0
P16581;Spacer, Leg Mount;1;2.83
P1728;Quick Set Clamp (for 1216);1;5.66
P1762B;Misc;1;0.0
P1765B;Bass Drum Mod Casting As;1;53.84
P18HNSTW/W08932;18" Bass Drum Hoop;1;215.3
P1995;Threaded Tip;1;2.13
P20009;Bushing;1;1.41
P20991;Grommet, .500 Long;1;2.13
P21222R;14" Batter Hoop, 8-ear, 2.3mm;1;26.21
P2200R;Retainer, Springless Swvl Nut;1;0.72
P2210R;Short Swivel-hx Hd(mn Cl/picc);1;2.13
P2232;Comp Spring;1;2.13
P22491;Sems 8-32x1/2 W/lock&flat Wshr;1;0.72
P236;#6-32 X 5/16 Fil Hd, Phillips;1;0.72
P2371;Machine Screw 8-32x5/16 Rd Hd;1;0.72
P24291;Lock Nut;1;4.24
P261;Set Screw  6-32 X 3/16;1;0.72
P2950A;Male T-handle, 5/16-18 X 3/4;1;4.24
P2952;Female T-handle, 5/16-18;1;4.24
P3015;Clawhook Spacer, .5 D X .312 L;1;0.72
P3054A;t Handle & Rod Assembly;1;9.92
P3261LA;Brake Arm Assy Left Hand;1;36.12
P3261RA;Brake Arm Assy Right Hand;1;36.12
P3268;Connecting Link;1;15.58
P32691;Rh Mounting Adj Bar Finished;1;17.71
P3274A;Adjustment Screw Assy;1;32.58
P32861;Connecting Rod-short 3-1/2" Pl;1;6.38
P32871;Connecting Rod Long 14-1/4" Pl;1;11.34
P34;Snare Butt;1;8.64
P379;Head For L379 Practice Pad;1;18.41
P3999;Crutch Tip;1;3.19
P4042;Ludwig Script Logo, 6 1/2" Lng;1;6.38
P4047;Nylon Washer, .656, .433, .085;1;0.72
P4062B;2x5.5 Black Ludwig Decal;1;4.24
P4062W;2x5.5 White Ludwig Decal;1;4.24
P4064;Ludwig Logo W/ind Ltrs-black;1;7.07
P47;Strainer Base Butt-p70;1;79.55
P603;Crutch Tip-p1785a Flr Tom Leg;1;2.13
P62615;Gasket, P2230r Lug;1;0.72
P6267;Gasket, P 2246 Lug;1;0.72
P669;Rubber Crutch Tip;1;7.07
P7178;Elite Tom Leg;1;12.04
P7184A;Elite Tom Hldr Bass Csting Asy;1;45.33
P7187;Grommets For Vibra-bands-4 Pk;1;4.96
P7202APP;Keystone Tom Brkt W/v-b Plate;1;35.41
P86C;Ludwig Strainer;1;83.59
P87;Classic Strainer;1;24.97
1926R;Repl Concert 6.5x14 Snr Wires;1;60.09
